insert into T_GENRE (GENRE_GENREHUM) values ('FEMME');
insert into T_GENRE (GENRE_GENREHUM) values ('HOMME');
insert into T_GENRE (GENRE_GENREHUM) values ('Autre_Genre');

insert into T_ROLES (ROLES_ROLES) values ('ROOT');
insert into T_ROLES (ROLES_ROLES) values ('ADMINSTRATEUR');
insert into T_ROLES (ROLES_ROLES) values ('PRATICIEN');
insert into T_ROLES (ROLES_ROLES) values ('STAGIARE');                      

insert into T_ADRESSELIEURDV (ADRESSELIEURDV_IDADRESSELIEURDV, ADRESSELIEURDV_NUMERO, ADRESSELIEURDV_PAYS, ADRESSELIEURDV_RUE, ADRESSELIEURDV_VILLE, ADRESSELIEURDV_ZIPCODE) values (1,'6','FRANCE','Rue de la pointe','Nanteuil le Haudouin','60440');
insert into T_ADRESSELIEURDV (ADRESSELIEURDV_IDADRESSELIEURDV, ADRESSELIEURDV_NUMERO, ADRESSELIEURDV_PAYS, ADRESSELIEURDV_RUE, ADRESSELIEURDV_VILLE, ADRESSELIEURDV_ZIPCODE) values (2,'23','FRANCE','Avenue du chemin de fer','Villepinte','93420');
insert into T_ADRESSELIEURDV (ADRESSELIEURDV_IDADRESSELIEURDV, ADRESSELIEURDV_NUMERO, ADRESSELIEURDV_PAYS, ADRESSELIEURDV_RUE, ADRESSELIEURDV_VILLE, ADRESSELIEURDV_ZIPCODE) values (3,null,null,null,null,null);

insert into T_LIEURDV (LIEURDV_IDLIEURDV, LIEURDV_LIEURDV,LIEURDV_IDADRESSELIEURDV_fk ) values (1,'La bonbonnière',1);
insert into T_LIEURDV (LIEURDV_IDLIEURDV,LIEURDV_LIEURDV, LIEURDV_IDADRESSELIEURDV_fk) values (2,'Le Salon', 2);
insert into T_LIEURDV (LIEURDV_IDLIEURDV, LIEURDV_LIEURDV, LIEURDV_IDADRESSELIEURDV_fk) values (3,'Domicile Clientelle',3);

insert into T_ADRESSECLIENT ( CLIENT_IDADRESSE, ADRESSE_NUMERO, ADRESSE_PAYS, ADRESSE_RUE, ADRESSE_VILLE, ADRESSE_ZIPCODE) values ( 1, '13', 'france', 'rue barbara', 'saint-pathus','77178')
insert into T_CLIENT ( CLIENT_IDCLIENT, CLIENT_NOM, CLIENT_PRENOM, CLIENT_MAIL, CLIENT_TELEPHONE, CLIENT_TELMOBILECLIENT, CLIENT_DATEANNIVERSAIRE, CLIENT_IDGENRE_fk, CLIENT_IDADRESSE_fk, CLIENT_SUSCRIBEDSMSREMINDER, CLIENT_SUSCRIBEDCOMMERCIALS, CLIENT_SUSCRIBEDMAILREMINDER, CLIENT_SUSCRIBEDNEWSLETTER,CLIENT_RGPDINFOCLIENTVALIDATION,CLIENT_RGPDDATECLIENTVALIDATION,CLIENT_RGPDCLIENTCANMODIFYRGPDSETTINGS) values (1,'ROGE','Frédéric','ricodoby@hotmail.com','', '0620790050', '25/08/1975', 2, 1, false, true, false, true, false,'2018-07-04 18:16:47.37', true)
insert into T_ADRESSECLIENT ( CLIENT_IDADRESSE, ADRESSE_NUMERO, ADRESSE_PAYS, ADRESSE_RUE, ADRESSE_VILLE, ADRESSE_ZIPCODE) values ( 2, '2', 'france', 'avenue Pierre Brossolette', 'villepinte','93420')
insert into T_CLIENT ( CLIENT_IDCLIENT, CLIENT_NOM, CLIENT_PRENOM, CLIENT_MAIL, CLIENT_TELEPHONE, CLIENT_TELMOBILECLIENT, CLIENT_DATEANNIVERSAIRE, CLIENT_IDGENRE_fk, CLIENT_IDADRESSE_fk, CLIENT_SUSCRIBEDSMSREMINDER, CLIENT_SUSCRIBEDCOMMERCIALS, CLIENT_SUSCRIBEDMAILREMINDER, CLIENT_SUSCRIBEDNEWSLETTER,CLIENT_RGPDINFOCLIENTVALIDATION,CLIENT_RGPDDATECLIENTVALIDATION,CLIENT_RGPDCLIENTCANMODIFYRGPDSETTINGS) values (2,'PillON','ingrid','ingrid@hotmail.com','', '0620790050', '25/08/1975', 1, 1, false, true, false, true, false,'2018-07-04 18:16:47.37', true)

insert into T_PRATICIEN ( PRATICIEN_IDPRATICIEN, PRATICIEN_NOM, PRATICIEN_PRENOM, PRATICIEN_MAIL, PRATICIEN_TELMOBILE, PRATICIEN_SUSCRIBEDMAILREMINDER, PRATICIEN_SUSCRIBEDSMSREMINDER) values ( 1, 'BEAUDEAU', 'fred', 'ricodoby@hotmail.com', '0620790050', true, true)
insert into T_PRATICIEN ( PRATICIEN_IDPRATICIEN, PRATICIEN_NOM, PRATICIEN_PRENOM, PRATICIEN_MAIL, PRATICIEN_TELMOBILE, PRATICIEN_SUSCRIBEDMAILREMINDER, PRATICIEN_SUSCRIBEDSMSREMINDER) values ( 2, 'KLOPOLO', 'cédric', 'ridoby@hotmail.com', '0620790050', true, true)

insert into T_UTILISATEUR (UTILISATEUR_IDUTILISATEUR, UTILISATEUR_NOM, UTILISATEUR_PRENOM, UTILISATEUR_TELMOBILE, UTILISATEUR_MAIL, UTILISATEUR_MOTDEPASSE, UTILISATEUR_IDROLES_fk, UTILISATEUR_SUSCRIBEDMAILREMINDER, UTILISATEUR_SUSCRIBEDSMSREMINDER, UTILISATEUR_ISLOGGED,UTILISATEUR_PWDEXPIRATIONDATETIME,UTILISATEUR_COMPTEEFFACABLE) values (1, 'root', 'root', '0620790050','root@hotmail.com', '$2a$13$d37RIwNzND24G.UltrJKiO2fB3l492XbfxfsJjiQtCvodlwftL6au', 1, true, true, true,'2018-10-30 22:16:47.37', false)
insert into T_UTILISATEUR (UTILISATEUR_IDUTILISATEUR, UTILISATEUR_NOM, UTILISATEUR_PRENOM, UTILISATEUR_TELMOBILE, UTILISATEUR_MAIL, UTILISATEUR_MOTDEPASSE, UTILISATEUR_IDROLES_fk, UTILISATEUR_SUSCRIBEDMAILREMINDER, UTILISATEUR_SUSCRIBEDSMSREMINDER, UTILISATEUR_ISLOGGED,UTILISATEUR_PWDEXPIRATIONDATETIME,UTILISATEUR_COMPTEEFFACABLE) values (2, 'pillon', 'Audrey', '0620790050','audrey@hotmail.com', '$2a$13$d37RIwNzND24G.UltrJKiO2fB3l492XbfxfsJjiQtCvodlwftL6au', 3, false, false, false,'2018-10-30 22:16:47.37', true)
insert into T_UTILISATEUR (UTILISATEUR_IDUTILISATEUR, UTILISATEUR_NOM, UTILISATEUR_PRENOM, UTILISATEUR_TELMOBILE, UTILISATEUR_MAIL, UTILISATEUR_MOTDEPASSE, UTILISATEUR_IDROLES_fk, UTILISATEUR_SUSCRIBEDMAILREMINDER, UTILISATEUR_SUSCRIBEDSMSREMINDER, UTILISATEUR_ISLOGGED,UTILISATEUR_PWDEXPIRATIONDATETIME,UTILISATEUR_COMPTEEFFACABLE) values (3, 'beaudeau', 'frédéric', '0620790050','ricodoby@hotmail.com', '$2a$13$d37RIwNzND24G.UltrJKiO2fB3l492XbfxfsJjiQtCvodlwftL6au', 3, false, false, true,'2018-12-30 22:16:47.37', true)

insert into T_ACTIVITE (ACTIVITE_IDACTIVITE, ACTIVITE_ACTIVITENOM) values (0, 'Epilation')
insert into T_ACTIVITE (ACTIVITE_IDACTIVITE, ACTIVITE_ACTIVITENOM) values (1, 'Maquillage permanent')
insert into T_ACTIVITE (ACTIVITE_IDACTIVITE, ACTIVITE_ACTIVITENOM) values (2, 'Manucurie')
insert into T_ACTIVITE (ACTIVITE_IDACTIVITE, ACTIVITE_ACTIVITENOM) values (3, 'Beauté des pieds')
insert into T_ACTIVITE (ACTIVITE_IDACTIVITE, ACTIVITE_ACTIVITENOM) values (4, 'Faux ongles')
insert into T_ACTIVITE (ACTIVITE_IDACTIVITE, ACTIVITE_ACTIVITENOM) values (5, 'Maquillage')
insert into T_ACTIVITE (ACTIVITE_IDACTIVITE, ACTIVITE_ACTIVITENOM) values (6, 'Epilaction')
insert into T_ACTIVITE (ACTIVITE_IDACTIVITE, ACTIVITE_ACTIVITENOM) values (7, 'Wish pro')
insert into T_ACTIVITE (ACTIVITE_IDACTIVITE, ACTIVITE_ACTIVITENOM) values (8, 'Extention de cils')

insert into T_PRESTATION (PRESTATION_IDPRESTATION, PRESTATION_IDACTIVITE_fk, PRESTATION_DESCRIPTION, PRESTATION_DUREESEANCE, PRESTATION_FORFAIT, PRESTATION_IDGENRE_fk, PRESTATION_NBSEANCE, PRESTATION_PRIX, PRESTATION_SOIN ) values (0,0,'description',30,false,1,1,7,'sourcils')
insert into T_PRESTATION (PRESTATION_IDPRESTATION, PRESTATION_IDACTIVITE_fk, PRESTATION_DESCRIPTION, PRESTATION_DUREESEANCE, PRESTATION_FORFAIT, PRESTATION_IDGENRE_fk, PRESTATION_NBSEANCE, PRESTATION_PRIX, PRESTATION_SOIN ) values (1,0,'description',30,false,1,1,5,'lèvres')
insert into T_PRESTATION (PRESTATION_IDPRESTATION, PRESTATION_IDACTIVITE_fk, PRESTATION_DESCRIPTION, PRESTATION_DUREESEANCE, PRESTATION_FORFAIT, PRESTATION_IDGENRE_fk, PRESTATION_NBSEANCE, PRESTATION_PRIX, PRESTATION_SOIN ) values (2,0,'description',30,false,1,1,7,'menton')
insert into T_PRESTATION (PRESTATION_IDPRESTATION, PRESTATION_IDACTIVITE_fk, PRESTATION_DESCRIPTION, PRESTATION_DUREESEANCE, PRESTATION_FORFAIT, PRESTATION_IDGENRE_fk, PRESTATION_NBSEANCE, PRESTATION_PRIX, PRESTATION_SOIN ) values (3,0,'description',30,false,1,1,8,'aisselles')
insert into T_PRESTATION (PRESTATION_IDPRESTATION, PRESTATION_IDACTIVITE_fk, PRESTATION_DESCRIPTION, PRESTATION_DUREESEANCE, PRESTATION_FORFAIT, PRESTATION_IDGENRE_fk, PRESTATION_NBSEANCE, PRESTATION_PRIX, PRESTATION_SOIN ) values (4,0,'description',30,false,1,1,8,'maillot classique')
insert into T_PRESTATION (PRESTATION_IDPRESTATION, PRESTATION_IDACTIVITE_fk, PRESTATION_DESCRIPTION, PRESTATION_DUREESEANCE, PRESTATION_FORFAIT, PRESTATION_IDGENRE_fk, PRESTATION_NBSEANCE, PRESTATION_PRIX, PRESTATION_SOIN ) values (5,0,'description',30,false,1,1,12,'maillot échancre')
insert into T_PRESTATION (PRESTATION_IDPRESTATION, PRESTATION_IDACTIVITE_fk, PRESTATION_DESCRIPTION, PRESTATION_DUREESEANCE, PRESTATION_FORFAIT, PRESTATION_IDGENRE_fk, PRESTATION_NBSEANCE, PRESTATION_PRIX, PRESTATION_SOIN ) values (6,0,'description',30,false,1,1,20,'maillot semi-intégral')
insert into T_PRESTATION (PRESTATION_IDPRESTATION, PRESTATION_IDACTIVITE_fk, PRESTATION_DESCRIPTION, PRESTATION_DUREESEANCE, PRESTATION_FORFAIT, PRESTATION_IDGENRE_fk, PRESTATION_NBSEANCE, PRESTATION_PRIX, PRESTATION_SOIN ) values (7,0,'description',30,false,1,1,25,'maillot intégral')
insert into T_PRESTATION (PRESTATION_IDPRESTATION, PRESTATION_IDACTIVITE_fk, PRESTATION_DESCRIPTION, PRESTATION_DUREESEANCE, PRESTATION_FORFAIT, PRESTATION_IDGENRE_fk, PRESTATION_NBSEANCE, PRESTATION_PRIX, PRESTATION_SOIN ) values (8,0,'description',30,false,1,1,15,'jambes demi')
insert into T_PRESTATION (PRESTATION_IDPRESTATION, PRESTATION_IDACTIVITE_fk, PRESTATION_DESCRIPTION, PRESTATION_DUREESEANCE, PRESTATION_FORFAIT, PRESTATION_IDGENRE_fk, PRESTATION_NBSEANCE, PRESTATION_PRIX, PRESTATION_SOIN ) values (10,0,'description',30,false,1,1,12,'bras avant')
insert into T_PRESTATION (PRESTATION_IDPRESTATION, PRESTATION_IDACTIVITE_fk, PRESTATION_DESCRIPTION, PRESTATION_DUREESEANCE, PRESTATION_FORFAIT, PRESTATION_IDGENRE_fk, PRESTATION_NBSEANCE, PRESTATION_PRIX, PRESTATION_SOIN ) values (11,0,'description',30,false,1,1,15,'bras')
insert into T_PRESTATION (PRESTATION_IDPRESTATION, PRESTATION_IDACTIVITE_fk, PRESTATION_DESCRIPTION, PRESTATION_DUREESEANCE, PRESTATION_FORFAIT, PRESTATION_IDGENRE_fk, PRESTATION_NBSEANCE, PRESTATION_PRIX, PRESTATION_SOIN ) values (12,0,'description',30,false,2,1,5,'sourcils')
insert into T_PRESTATION (PRESTATION_IDPRESTATION, PRESTATION_IDACTIVITE_fk, PRESTATION_DESCRIPTION, PRESTATION_DUREESEANCE, PRESTATION_FORFAIT, PRESTATION_IDGENRE_fk, PRESTATION_NBSEANCE, PRESTATION_PRIX, PRESTATION_SOIN ) values (13,0,'description',30,false,2,1,5,'oreilles')
insert into T_PRESTATION (PRESTATION_IDPRESTATION, PRESTATION_IDACTIVITE_fk, PRESTATION_DESCRIPTION, PRESTATION_DUREESEANCE, PRESTATION_FORFAIT, PRESTATION_IDGENRE_fk, PRESTATION_NBSEANCE, PRESTATION_PRIX, PRESTATION_SOIN ) values (14,0,'description',30,false,2,1,5,'nez')
insert into T_PRESTATION (PRESTATION_IDPRESTATION, PRESTATION_IDACTIVITE_fk, PRESTATION_DESCRIPTION, PRESTATION_DUREESEANCE, PRESTATION_FORFAIT, PRESTATION_IDGENRE_fk, PRESTATION_NBSEANCE, PRESTATION_PRIX, PRESTATION_SOIN ) values (15,0,'description',30,false,2,1,10,'aisselles')
insert into T_PRESTATION (PRESTATION_IDPRESTATION, PRESTATION_IDACTIVITE_fk, PRESTATION_DESCRIPTION, PRESTATION_DUREESEANCE, PRESTATION_FORFAIT, PRESTATION_IDGENRE_fk, PRESTATION_NBSEANCE, PRESTATION_PRIX, PRESTATION_SOIN ) values (16,0,'description',30,false,2,1,15,'torse')
insert into T_PRESTATION (PRESTATION_IDPRESTATION, PRESTATION_IDACTIVITE_fk, PRESTATION_DESCRIPTION, PRESTATION_DUREESEANCE, PRESTATION_FORFAIT, PRESTATION_IDGENRE_fk, PRESTATION_NBSEANCE, PRESTATION_PRIX, PRESTATION_SOIN ) values (17,0,'description',30,false,2,1,15,'abdomen')
insert into T_PRESTATION (PRESTATION_IDPRESTATION, PRESTATION_IDACTIVITE_fk, PRESTATION_DESCRIPTION, PRESTATION_DUREESEANCE, PRESTATION_FORFAIT, PRESTATION_IDGENRE_fk, PRESTATION_NBSEANCE, PRESTATION_PRIX, PRESTATION_SOIN ) values (18,0,'description',30,false,2,1,5,'nuque')
insert into T_PRESTATION (PRESTATION_IDPRESTATION, PRESTATION_IDACTIVITE_fk, PRESTATION_DESCRIPTION, PRESTATION_DUREESEANCE, PRESTATION_FORFAIT, PRESTATION_IDGENRE_fk, PRESTATION_NBSEANCE, PRESTATION_PRIX, PRESTATION_SOIN ) values (19,0,'description',30,false,2,1,10,'épaules')
insert into T_PRESTATION (PRESTATION_IDPRESTATION, PRESTATION_IDACTIVITE_fk, PRESTATION_DESCRIPTION, PRESTATION_DUREESEANCE, PRESTATION_FORFAIT, PRESTATION_IDGENRE_fk, PRESTATION_NBSEANCE, PRESTATION_PRIX, PRESTATION_SOIN ) values (20,0,'description',30,false,2,1,15,'dos')
insert into T_PRESTATION (PRESTATION_IDPRESTATION, PRESTATION_IDACTIVITE_fk, PRESTATION_DESCRIPTION, PRESTATION_DUREESEANCE, PRESTATION_FORFAIT, PRESTATION_IDGENRE_fk, PRESTATION_NBSEANCE, PRESTATION_PRIX, PRESTATION_SOIN ) values (21,0,'description',30,false,2,1,22,'jambes complètes')
insert into T_PRESTATION (PRESTATION_IDPRESTATION, PRESTATION_IDACTIVITE_fk, PRESTATION_DESCRIPTION, PRESTATION_DUREESEANCE, PRESTATION_FORFAIT, PRESTATION_IDGENRE_fk, PRESTATION_NBSEANCE, PRESTATION_PRIX, PRESTATION_SOIN ) values (22,0,'description',30,true,1,1,20,'visage complet')
insert into T_PRESTATION (PRESTATION_IDPRESTATION, PRESTATION_IDACTIVITE_fk, PRESTATION_DESCRIPTION, PRESTATION_DUREESEANCE, PRESTATION_FORFAIT, PRESTATION_IDGENRE_fk, PRESTATION_NBSEANCE, PRESTATION_PRIX, PRESTATION_SOIN ) values (23,0,'description',30,true,1,1,30,'jambes demi maillot aisselles')
insert into T_PRESTATION (PRESTATION_IDPRESTATION, PRESTATION_IDACTIVITE_fk, PRESTATION_DESCRIPTION, PRESTATION_DUREESEANCE, PRESTATION_FORFAIT, PRESTATION_IDGENRE_fk, PRESTATION_NBSEANCE, PRESTATION_PRIX, PRESTATION_SOIN ) values (24,0,'description',30,true,1,1,40,'jambes demi maillot intégral aisselle')
insert into T_PRESTATION (PRESTATION_IDPRESTATION, PRESTATION_IDACTIVITE_fk, PRESTATION_DESCRIPTION, PRESTATION_DUREESEANCE, PRESTATION_FORFAIT, PRESTATION_IDGENRE_fk, PRESTATION_NBSEANCE, PRESTATION_PRIX, PRESTATION_SOIN ) values (25,0,'description',30,true,1,1,40,'jambes complètes maillot aisselle')
insert into T_PRESTATION (PRESTATION_IDPRESTATION, PRESTATION_IDACTIVITE_fk, PRESTATION_DESCRIPTION, PRESTATION_DUREESEANCE, PRESTATION_FORFAIT, PRESTATION_IDGENRE_fk, PRESTATION_NBSEANCE, PRESTATION_PRIX, PRESTATION_SOIN ) values (26,0,'description',30,true,1,1,50,'jambes complètes maillot intégral aisselles')
insert into T_PRESTATION (PRESTATION_IDPRESTATION, PRESTATION_IDACTIVITE_fk, PRESTATION_DESCRIPTION, PRESTATION_DUREESEANCE, PRESTATION_FORFAIT, PRESTATION_IDGENRE_fk, PRESTATION_NBSEANCE, PRESTATION_PRIX, PRESTATION_SOIN ) values (27,1,'description',30,false,1,1,45,'grain de beauté')
insert into T_PRESTATION (PRESTATION_IDPRESTATION, PRESTATION_IDACTIVITE_fk, PRESTATION_DESCRIPTION, PRESTATION_DUREESEANCE, PRESTATION_FORFAIT, PRESTATION_IDGENRE_fk, PRESTATION_NBSEANCE, PRESTATION_PRIX, PRESTATION_SOIN ) values (28,1,'description',30,false,1,1,200,'sourcils')
insert into T_PRESTATION (PRESTATION_IDPRESTATION, PRESTATION_IDACTIVITE_fk, PRESTATION_DESCRIPTION, PRESTATION_DUREESEANCE, PRESTATION_FORFAIT, PRESTATION_IDGENRE_fk, PRESTATION_NBSEANCE, PRESTATION_PRIX, PRESTATION_SOIN ) values (29,1,'description',30,false,1,1,90,'ras de cils haut')
insert into T_PRESTATION (PRESTATION_IDPRESTATION, PRESTATION_IDACTIVITE_fk, PRESTATION_DESCRIPTION, PRESTATION_DUREESEANCE, PRESTATION_FORFAIT, PRESTATION_IDGENRE_fk, PRESTATION_NBSEANCE, PRESTATION_PRIX, PRESTATION_SOIN ) values (30,1,'description',30,false,1,1,80,'ras de cils bas')
insert into T_PRESTATION (PRESTATION_IDPRESTATION, PRESTATION_IDACTIVITE_fk, PRESTATION_DESCRIPTION, PRESTATION_DUREESEANCE, PRESTATION_FORFAIT, PRESTATION_IDGENRE_fk, PRESTATION_NBSEANCE, PRESTATION_PRIX, PRESTATION_SOIN ) values (31,1,'description',30,false,1,1,150,'eye liner haut')
insert into T_PRESTATION (PRESTATION_IDPRESTATION, PRESTATION_IDACTIVITE_fk, PRESTATION_DESCRIPTION, PRESTATION_DUREESEANCE, PRESTATION_FORFAIT, PRESTATION_IDGENRE_fk, PRESTATION_NBSEANCE, PRESTATION_PRIX, PRESTATION_SOIN ) values (32,1,'description',30,false,1,1,110,'eye liner bas')
insert into T_PRESTATION (PRESTATION_IDPRESTATION, PRESTATION_IDACTIVITE_fk, PRESTATION_DESCRIPTION, PRESTATION_DUREESEANCE, PRESTATION_FORFAIT, PRESTATION_IDGENRE_fk, PRESTATION_NBSEANCE, PRESTATION_PRIX, PRESTATION_SOIN ) values (33,1,'description',30,false,1,1,190,'contour lèvres')
insert into T_PRESTATION (PRESTATION_IDPRESTATION, PRESTATION_IDACTIVITE_fk, PRESTATION_DESCRIPTION, PRESTATION_DUREESEANCE, PRESTATION_FORFAIT, PRESTATION_IDGENRE_fk, PRESTATION_NBSEANCE, PRESTATION_PRIX, PRESTATION_SOIN ) values (34,1,'description',30,false,1,1,250,'dégradé lèvres')
insert into T_PRESTATION (PRESTATION_IDPRESTATION, PRESTATION_IDACTIVITE_fk, PRESTATION_DESCRIPTION, PRESTATION_DUREESEANCE, PRESTATION_FORFAIT, PRESTATION_IDGENRE_fk, PRESTATION_NBSEANCE, PRESTATION_PRIX, PRESTATION_SOIN ) values (35,1,'description',30,false,1,1,300,'lèvres entières')
insert into T_PRESTATION (PRESTATION_IDPRESTATION, PRESTATION_IDACTIVITE_fk, PRESTATION_DESCRIPTION, PRESTATION_DUREESEANCE, PRESTATION_FORFAIT, PRESTATION_IDGENRE_fk, PRESTATION_NBSEANCE, PRESTATION_PRIX, PRESTATION_SOIN ) values (36,2,'description',30,false,1,1,17,'beauté des mains')
insert into T_PRESTATION (PRESTATION_IDPRESTATION, PRESTATION_IDACTIVITE_fk, PRESTATION_DESCRIPTION, PRESTATION_DUREESEANCE, PRESTATION_FORFAIT, PRESTATION_IDGENRE_fk, PRESTATION_NBSEANCE, PRESTATION_PRIX, PRESTATION_SOIN ) values (37,2,'description',30,false,1,1,20,'beauté des mains et vernis')
insert into T_PRESTATION (PRESTATION_IDPRESTATION, PRESTATION_IDACTIVITE_fk, PRESTATION_DESCRIPTION, PRESTATION_DUREESEANCE, PRESTATION_FORFAIT, PRESTATION_IDGENRE_fk, PRESTATION_NBSEANCE, PRESTATION_PRIX, PRESTATION_SOIN ) values (38,2,'description',30,false,1,1,25,'beauté des mains et french')
insert into T_PRESTATION (PRESTATION_IDPRESTATION, PRESTATION_IDACTIVITE_fk, PRESTATION_DESCRIPTION, PRESTATION_DUREESEANCE, PRESTATION_FORFAIT, PRESTATION_IDGENRE_fk, PRESTATION_NBSEANCE, PRESTATION_PRIX, PRESTATION_SOIN ) values (39,2,'description',30,false,1,1,8,'pose de vernis')
insert into T_PRESTATION (PRESTATION_IDPRESTATION, PRESTATION_IDACTIVITE_fk, PRESTATION_DESCRIPTION, PRESTATION_DUREESEANCE, PRESTATION_FORFAIT, PRESTATION_IDGENRE_fk, PRESTATION_NBSEANCE, PRESTATION_PRIX, PRESTATION_SOIN ) values (40,2,'description',30,false,1,1,12,'pose de vernis french')
insert into T_PRESTATION (PRESTATION_IDPRESTATION, PRESTATION_IDACTIVITE_fk, PRESTATION_DESCRIPTION, PRESTATION_DUREESEANCE, PRESTATION_FORFAIT, PRESTATION_IDGENRE_fk, PRESTATION_NBSEANCE, PRESTATION_PRIX, PRESTATION_SOIN ) values (41,3,'description',30,false,1,1,20,'sans vernis')
insert into T_PRESTATION (PRESTATION_IDPRESTATION, PRESTATION_IDACTIVITE_fk, PRESTATION_DESCRIPTION, PRESTATION_DUREESEANCE, PRESTATION_FORFAIT, PRESTATION_IDGENRE_fk, PRESTATION_NBSEANCE, PRESTATION_PRIX, PRESTATION_SOIN ) values (42,3,'description',30,false,1,1,25,'avec vernis')
insert into T_PRESTATION (PRESTATION_IDPRESTATION, PRESTATION_IDACTIVITE_fk, PRESTATION_DESCRIPTION, PRESTATION_DUREESEANCE, PRESTATION_FORFAIT, PRESTATION_IDGENRE_fk, PRESTATION_NBSEANCE, PRESTATION_PRIX, PRESTATION_SOIN ) values (43,3,'description',30,false,1,1,27,'avec vernis french')
insert into T_PRESTATION (PRESTATION_IDPRESTATION, PRESTATION_IDACTIVITE_fk, PRESTATION_DESCRIPTION, PRESTATION_DUREESEANCE, PRESTATION_FORFAIT, PRESTATION_IDGENRE_fk, PRESTATION_NBSEANCE, PRESTATION_PRIX, PRESTATION_SOIN ) values (44,4,'description',30,false,1,1,5,'1 Faux ongle')
insert into T_PRESTATION (PRESTATION_IDPRESTATION, PRESTATION_IDACTIVITE_fk, PRESTATION_DESCRIPTION, PRESTATION_DUREESEANCE, PRESTATION_FORFAIT, PRESTATION_IDGENRE_fk, PRESTATION_NBSEANCE, PRESTATION_PRIX, PRESTATION_SOIN ) values (45,4,'description',30,false,1,1,40,'pose complète naturelle')
insert into T_PRESTATION (PRESTATION_IDPRESTATION, PRESTATION_IDACTIVITE_fk, PRESTATION_DESCRIPTION, PRESTATION_DUREESEANCE, PRESTATION_FORFAIT, PRESTATION_IDGENRE_fk, PRESTATION_NBSEANCE, PRESTATION_PRIX, PRESTATION_SOIN ) values (46,4,'description',30,false,1,1,45,'pose complète french ou couleur')
insert into T_PRESTATION (PRESTATION_IDPRESTATION, PRESTATION_IDACTIVITE_fk, PRESTATION_DESCRIPTION, PRESTATION_DUREESEANCE, PRESTATION_FORFAIT, PRESTATION_IDGENRE_fk, PRESTATION_NBSEANCE, PRESTATION_PRIX, PRESTATION_SOIN ) values (47,4,'description',30,false,1,1,30,'remplissage naturel')
insert into T_PRESTATION (PRESTATION_IDPRESTATION, PRESTATION_IDACTIVITE_fk, PRESTATION_DESCRIPTION, PRESTATION_DUREESEANCE, PRESTATION_FORFAIT, PRESTATION_IDGENRE_fk, PRESTATION_NBSEANCE, PRESTATION_PRIX, PRESTATION_SOIN ) values (48,4,'description',30,false,1,1,35,'remplissage french ou couleur' )
insert into T_PRESTATION (PRESTATION_IDPRESTATION, PRESTATION_IDACTIVITE_fk, PRESTATION_DESCRIPTION, PRESTATION_DUREESEANCE, PRESTATION_FORFAIT, PRESTATION_IDGENRE_fk, PRESTATION_NBSEANCE, PRESTATION_PRIX, PRESTATION_SOIN ) values (49,4,'description',30,false,1,1,30,'gel sur ongle')
insert into T_PRESTATION (PRESTATION_IDPRESTATION, PRESTATION_IDACTIVITE_fk, PRESTATION_DESCRIPTION, PRESTATION_DUREESEANCE, PRESTATION_FORFAIT, PRESTATION_IDGENRE_fk, PRESTATION_NBSEANCE, PRESTATION_PRIX, PRESTATION_SOIN ) values (50,4,'description',30,false,1,1,35,'gel french ou ou couleur sur ongle naturels')
insert into T_PRESTATION (PRESTATION_IDPRESTATION, PRESTATION_IDACTIVITE_fk, PRESTATION_DESCRIPTION, PRESTATION_DUREESEANCE, PRESTATION_FORFAIT, PRESTATION_IDGENRE_fk, PRESTATION_NBSEANCE, PRESTATION_PRIX, PRESTATION_SOIN ) values (51,4,'description',30,false,1,1,1,'motifs ou fantaisie')
insert into T_PRESTATION (PRESTATION_IDPRESTATION, PRESTATION_IDACTIVITE_fk, PRESTATION_DESCRIPTION, PRESTATION_DUREESEANCE, PRESTATION_FORFAIT, PRESTATION_IDGENRE_fk, PRESTATION_NBSEANCE, PRESTATION_PRIX, PRESTATION_SOIN ) values (52,4,'description',30,false,1,1,0.5,'sticker(1) ou strass')
insert into T_PRESTATION (PRESTATION_IDPRESTATION, PRESTATION_IDACTIVITE_fk, PRESTATION_DESCRIPTION, PRESTATION_DUREESEANCE, PRESTATION_FORFAIT, PRESTATION_IDGENRE_fk, PRESTATION_NBSEANCE, PRESTATION_PRIX, PRESTATION_SOIN ) values (53,5,'description',30,false,1,1,40,'jour mariée soir')
insert into T_PRESTATION (PRESTATION_IDPRESTATION, PRESTATION_IDACTIVITE_fk, PRESTATION_DESCRIPTION, PRESTATION_DUREESEANCE, PRESTATION_FORFAIT, PRESTATION_IDGENRE_fk, PRESTATION_NBSEANCE, PRESTATION_PRIX, PRESTATION_SOIN ) values (54,5,'description',30,false,1,1,50,'essai mariée et Maquillage final')
insert into T_PRESTATION (PRESTATION_IDPRESTATION, PRESTATION_IDACTIVITE_fk, PRESTATION_DESCRIPTION, PRESTATION_DUREESEANCE, PRESTATION_FORFAIT, PRESTATION_IDGENRE_fk, PRESTATION_NBSEANCE, PRESTATION_PRIX, PRESTATION_SOIN ) values (55,5,'description',30,false,1,1,12,'teinture cils ou sourcils')
insert into T_PRESTATION (PRESTATION_IDPRESTATION, PRESTATION_IDACTIVITE_fk, PRESTATION_DESCRIPTION, PRESTATION_DUREESEANCE, PRESTATION_FORFAIT, PRESTATION_IDGENRE_fk, PRESTATION_NBSEANCE, PRESTATION_PRIX, PRESTATION_SOIN ) values (56,5,'description',30,false,1,1,5,'ajout de faux cils')
insert into T_PRESTATION (PRESTATION_IDPRESTATION, PRESTATION_IDACTIVITE_fk, PRESTATION_DESCRIPTION, PRESTATION_DUREESEANCE, PRESTATION_FORFAIT, PRESTATION_IDGENRE_fk, PRESTATION_NBSEANCE, PRESTATION_PRIX, PRESTATION_SOIN ) values (57,5,'description',30,false,1,1,40,'zone intersourcilière')
insert into T_PRESTATION (PRESTATION_IDPRESTATION, PRESTATION_IDACTIVITE_fk, PRESTATION_DESCRIPTION, PRESTATION_DUREESEANCE, PRESTATION_FORFAIT, PRESTATION_IDGENRE_fk, PRESTATION_NBSEANCE, PRESTATION_PRIX, PRESTATION_SOIN ) values (58,6,'description',30,false,1,1,50,'lèvres')
insert into T_PRESTATION (PRESTATION_IDPRESTATION, PRESTATION_IDACTIVITE_fk, PRESTATION_DESCRIPTION, PRESTATION_DUREESEANCE, PRESTATION_FORFAIT, PRESTATION_IDGENRE_fk, PRESTATION_NBSEANCE, PRESTATION_PRIX, PRESTATION_SOIN ) values (59,6,'description',30,false,1,1,50,'menton')
insert into T_PRESTATION (PRESTATION_IDPRESTATION, PRESTATION_IDACTIVITE_fk, PRESTATION_DESCRIPTION, PRESTATION_DUREESEANCE, PRESTATION_FORFAIT, PRESTATION_IDGENRE_fk, PRESTATION_NBSEANCE, PRESTATION_PRIX, PRESTATION_SOIN ) values (60,6,'description',30,false,1,1,80,'lèvres et menton')
insert into T_PRESTATION (PRESTATION_IDPRESTATION, PRESTATION_IDACTIVITE_fk, PRESTATION_DESCRIPTION, PRESTATION_DUREESEANCE, PRESTATION_FORFAIT, PRESTATION_IDGENRE_fk, PRESTATION_NBSEANCE, PRESTATION_PRIX, PRESTATION_SOIN ) values (61,6,'description',30,false,1,1,50,'cou')
insert into T_PRESTATION (PRESTATION_IDPRESTATION, PRESTATION_IDACTIVITE_fk, PRESTATION_DESCRIPTION, PRESTATION_DUREESEANCE, PRESTATION_FORFAIT, PRESTATION_IDGENRE_fk, PRESTATION_NBSEANCE, PRESTATION_PRIX, PRESTATION_SOIN ) values (62,6,'description',30,false,1,1,50,'nuque')
insert into T_PRESTATION (PRESTATION_IDPRESTATION, PRESTATION_IDACTIVITE_fk, PRESTATION_DESCRIPTION, PRESTATION_DUREESEANCE, PRESTATION_FORFAIT, PRESTATION_IDGENRE_fk, PRESTATION_NBSEANCE, PRESTATION_PRIX, PRESTATION_SOIN ) values (63,6,'description',30,false,1,1,50,'aisseles')
insert into T_PRESTATION (PRESTATION_IDPRESTATION, PRESTATION_IDACTIVITE_fk, PRESTATION_DESCRIPTION, PRESTATION_DUREESEANCE, PRESTATION_FORFAIT, PRESTATION_IDGENRE_fk, PRESTATION_NBSEANCE, PRESTATION_PRIX, PRESTATION_SOIN ) values (64,6,'description',30,false,1,1,90,'avant bras')
insert into T_PRESTATION (PRESTATION_IDPRESTATION, PRESTATION_IDACTIVITE_fk, PRESTATION_DESCRIPTION, PRESTATION_DUREESEANCE, PRESTATION_FORFAIT, PRESTATION_IDGENRE_fk, PRESTATION_NBSEANCE, PRESTATION_PRIX, PRESTATION_SOIN ) values (65,6,'description',30,false,1,1,140,'bras')
insert into T_PRESTATION (PRESTATION_IDPRESTATION, PRESTATION_IDACTIVITE_fk, PRESTATION_DESCRIPTION, PRESTATION_DUREESEANCE, PRESTATION_FORFAIT, PRESTATION_IDGENRE_fk, PRESTATION_NBSEANCE, PRESTATION_PRIX, PRESTATION_SOIN ) values (66,6,'description',30,false,1,1,50,'seins')
insert into T_PRESTATION (PRESTATION_IDPRESTATION, PRESTATION_IDACTIVITE_fk, PRESTATION_DESCRIPTION, PRESTATION_DUREESEANCE, PRESTATION_FORFAIT, PRESTATION_IDGENRE_fk, PRESTATION_NBSEANCE, PRESTATION_PRIX, PRESTATION_SOIN ) values (67,6,'description',30,false,1,1,40,'ligne ombilicale')
insert into T_PRESTATION (PRESTATION_IDPRESTATION, PRESTATION_IDACTIVITE_fk, PRESTATION_DESCRIPTION, PRESTATION_DUREESEANCE, PRESTATION_FORFAIT, PRESTATION_IDGENRE_fk, PRESTATION_NBSEANCE, PRESTATION_PRIX, PRESTATION_SOIN ) values (68,6,'description',30,false,1,1,150,'jambe demi')
insert into T_PRESTATION (PRESTATION_IDPRESTATION, PRESTATION_IDACTIVITE_fk, PRESTATION_DESCRIPTION, PRESTATION_DUREESEANCE, PRESTATION_FORFAIT, PRESTATION_IDGENRE_fk, PRESTATION_NBSEANCE, PRESTATION_PRIX, PRESTATION_SOIN ) values (69,6,'description',30,false,1,1,200,'cuisses')
insert into T_PRESTATION (PRESTATION_IDPRESTATION, PRESTATION_IDACTIVITE_fk, PRESTATION_DESCRIPTION, PRESTATION_DUREESEANCE, PRESTATION_FORFAIT, PRESTATION_IDGENRE_fk, PRESTATION_NBSEANCE, PRESTATION_PRIX, PRESTATION_SOIN ) values (70,6,'description',30,false,1,1,250,'jambes complètes')
insert into T_PRESTATION (PRESTATION_IDPRESTATION, PRESTATION_IDACTIVITE_fk, PRESTATION_DESCRIPTION, PRESTATION_DUREESEANCE, PRESTATION_FORFAIT, PRESTATION_IDGENRE_fk, PRESTATION_NBSEANCE, PRESTATION_PRIX, PRESTATION_SOIN ) values (71,6,'description',30,false,1,1,50,'maillot classique')
insert into T_PRESTATION (PRESTATION_IDPRESTATION, PRESTATION_IDACTIVITE_fk, PRESTATION_DESCRIPTION, PRESTATION_DUREESEANCE, PRESTATION_FORFAIT, PRESTATION_IDGENRE_fk, PRESTATION_NBSEANCE, PRESTATION_PRIX, PRESTATION_SOIN ) values (72,6,'description',30,false,1,1,80,'maillot échancré')
insert into T_PRESTATION (PRESTATION_IDPRESTATION, PRESTATION_IDACTIVITE_fk, PRESTATION_DESCRIPTION, PRESTATION_DUREESEANCE, PRESTATION_FORFAIT, PRESTATION_IDGENRE_fk, PRESTATION_NBSEANCE, PRESTATION_PRIX, PRESTATION_SOIN ) values (73,6,'description',30,false,1,1,120,'maillot intégral')
insert into T_PRESTATION (PRESTATION_IDPRESTATION, PRESTATION_IDACTIVITE_fk, PRESTATION_DESCRIPTION, PRESTATION_DUREESEANCE, PRESTATION_FORFAIT, PRESTATION_IDGENRE_fk, PRESTATION_NBSEANCE, PRESTATION_PRIX, PRESTATION_SOIN ) values (74,6,'description',30,false,1,1,50,'sillon inter fessiers')
insert into T_PRESTATION (PRESTATION_IDPRESTATION, PRESTATION_IDACTIVITE_fk, PRESTATION_DESCRIPTION, PRESTATION_DUREESEANCE, PRESTATION_FORFAIT, PRESTATION_IDGENRE_fk, PRESTATION_NBSEANCE, PRESTATION_PRIX, PRESTATION_SOIN ) values (75,6,'description',30,false,1,1,100,'fesses')
insert into T_PRESTATION (PRESTATION_IDPRESTATION, PRESTATION_IDACTIVITE_fk, PRESTATION_DESCRIPTION, PRESTATION_DUREESEANCE, PRESTATION_FORFAIT, PRESTATION_IDGENRE_fk, PRESTATION_NBSEANCE, PRESTATION_PRIX, PRESTATION_SOIN ) values (76,6,'description',30,false,1,1,80,'bas du dos')
insert into T_PRESTATION (PRESTATION_IDPRESTATION, PRESTATION_IDACTIVITE_fk, PRESTATION_DESCRIPTION, PRESTATION_DUREESEANCE, PRESTATION_FORFAIT, PRESTATION_IDGENRE_fk, PRESTATION_NBSEANCE, PRESTATION_PRIX, PRESTATION_SOIN ) values (77,6,'description',30,true,1,6,180,'zone inter sourcilière')
insert into T_PRESTATION (PRESTATION_IDPRESTATION, PRESTATION_IDACTIVITE_fk, PRESTATION_DESCRIPTION, PRESTATION_DUREESEANCE, PRESTATION_FORFAIT, PRESTATION_IDGENRE_fk, PRESTATION_NBSEANCE, PRESTATION_PRIX, PRESTATION_SOIN ) values (78,6,'description',30,true,1,6,240,'lèvres')
insert into T_PRESTATION (PRESTATION_IDPRESTATION, PRESTATION_IDACTIVITE_fk, PRESTATION_DESCRIPTION, PRESTATION_DUREESEANCE, PRESTATION_FORFAIT, PRESTATION_IDGENRE_fk, PRESTATION_NBSEANCE, PRESTATION_PRIX, PRESTATION_SOIN ) values (79,6,'description',30,true,1,6,240,'menton')
insert into T_PRESTATION (PRESTATION_IDPRESTATION, PRESTATION_IDACTIVITE_fk, PRESTATION_DESCRIPTION, PRESTATION_DUREESEANCE, PRESTATION_FORFAIT, PRESTATION_IDGENRE_fk, PRESTATION_NBSEANCE, PRESTATION_PRIX, PRESTATION_SOIN ) values (80,6,'description',30,true,1,6,390,'lèvres et menton')
insert into T_PRESTATION (PRESTATION_IDPRESTATION, PRESTATION_IDACTIVITE_fk, PRESTATION_DESCRIPTION, PRESTATION_DUREESEANCE, PRESTATION_FORFAIT, PRESTATION_IDGENRE_fk, PRESTATION_NBSEANCE, PRESTATION_PRIX, PRESTATION_SOIN ) values (81,6,'description',30,true,1,6,240,'cou')
insert into T_PRESTATION (PRESTATION_IDPRESTATION, PRESTATION_IDACTIVITE_fk, PRESTATION_DESCRIPTION, PRESTATION_DUREESEANCE, PRESTATION_FORFAIT, PRESTATION_IDGENRE_fk, PRESTATION_NBSEANCE, PRESTATION_PRIX, PRESTATION_SOIN ) values (82,6,'description',30,true,1,6,240,'nuque')
insert into T_PRESTATION (PRESTATION_IDPRESTATION, PRESTATION_IDACTIVITE_fk, PRESTATION_DESCRIPTION, PRESTATION_DUREESEANCE, PRESTATION_FORFAIT, PRESTATION_IDGENRE_fk, PRESTATION_NBSEANCE, PRESTATION_PRIX, PRESTATION_SOIN ) values (83,6,'description',30,true,1,6,240,'aisseles')
insert into T_PRESTATION (PRESTATION_IDPRESTATION, PRESTATION_IDACTIVITE_fk, PRESTATION_DESCRIPTION, PRESTATION_DUREESEANCE, PRESTATION_FORFAIT, PRESTATION_IDGENRE_fk, PRESTATION_NBSEANCE, PRESTATION_PRIX, PRESTATION_SOIN ) values (84,6,'description',30,true,1,6,420,'avant bras')
insert into T_PRESTATION (PRESTATION_IDPRESTATION, PRESTATION_IDACTIVITE_fk, PRESTATION_DESCRIPTION, PRESTATION_DUREESEANCE, PRESTATION_FORFAIT, PRESTATION_IDGENRE_fk, PRESTATION_NBSEANCE, PRESTATION_PRIX, PRESTATION_SOIN ) values (85,6,'description',30,true,1,6,660,'bras')
insert into T_PRESTATION (PRESTATION_IDPRESTATION, PRESTATION_IDACTIVITE_fk, PRESTATION_DESCRIPTION, PRESTATION_DUREESEANCE, PRESTATION_FORFAIT, PRESTATION_IDGENRE_fk, PRESTATION_NBSEANCE, PRESTATION_PRIX, PRESTATION_SOIN ) values (86,6,'description',30,true,1,6,240,'seins')
insert into T_PRESTATION (PRESTATION_IDPRESTATION, PRESTATION_IDACTIVITE_fk, PRESTATION_DESCRIPTION, PRESTATION_DUREESEANCE, PRESTATION_FORFAIT, PRESTATION_IDGENRE_fk, PRESTATION_NBSEANCE, PRESTATION_PRIX, PRESTATION_SOIN ) values (87,6,'description',30,true,1,6,180,'ligne ombilicale')
insert into T_PRESTATION (PRESTATION_IDPRESTATION, PRESTATION_IDACTIVITE_fk, PRESTATION_DESCRIPTION, PRESTATION_DUREESEANCE, PRESTATION_FORFAIT, PRESTATION_IDGENRE_fk, PRESTATION_NBSEANCE, PRESTATION_PRIX, PRESTATION_SOIN ) values (88,6,'description',30,true,1,6,720,'jambe demi')
insert into T_PRESTATION (PRESTATION_IDPRESTATION, PRESTATION_IDACTIVITE_fk, PRESTATION_DESCRIPTION, PRESTATION_DUREESEANCE, PRESTATION_FORFAIT, PRESTATION_IDGENRE_fk, PRESTATION_NBSEANCE, PRESTATION_PRIX, PRESTATION_SOIN ) values (89,6,'description',30,true,1,6,960,'cuisses')
insert into T_PRESTATION (PRESTATION_IDPRESTATION, PRESTATION_IDACTIVITE_fk, PRESTATION_DESCRIPTION, PRESTATION_DUREESEANCE, PRESTATION_FORFAIT, PRESTATION_IDGENRE_fk, PRESTATION_NBSEANCE, PRESTATION_PRIX, PRESTATION_SOIN ) values (90,6,'description',30,true,1,6,1200,'jambes complètes')
insert into T_PRESTATION (PRESTATION_IDPRESTATION, PRESTATION_IDACTIVITE_fk, PRESTATION_DESCRIPTION, PRESTATION_DUREESEANCE, PRESTATION_FORFAIT, PRESTATION_IDGENRE_fk, PRESTATION_NBSEANCE, PRESTATION_PRIX, PRESTATION_SOIN ) values (91,6,'description',30,true,1,6,240,'maillot classique')
insert into T_PRESTATION (PRESTATION_IDPRESTATION, PRESTATION_IDACTIVITE_fk, PRESTATION_DESCRIPTION, PRESTATION_DUREESEANCE, PRESTATION_FORFAIT, PRESTATION_IDGENRE_fk, PRESTATION_NBSEANCE, PRESTATION_PRIX, PRESTATION_SOIN ) values (92,6,'description',30,true,1,6,390,'maillot échancré')
insert into T_PRESTATION (PRESTATION_IDPRESTATION, PRESTATION_IDACTIVITE_fk, PRESTATION_DESCRIPTION, PRESTATION_DUREESEANCE, PRESTATION_FORFAIT, PRESTATION_IDGENRE_fk, PRESTATION_NBSEANCE, PRESTATION_PRIX, PRESTATION_SOIN ) values (93,6,'description',30,true,1,6,570,'maillot intégral')
insert into T_PRESTATION (PRESTATION_IDPRESTATION, PRESTATION_IDACTIVITE_fk, PRESTATION_DESCRIPTION, PRESTATION_DUREESEANCE, PRESTATION_FORFAIT, PRESTATION_IDGENRE_fk, PRESTATION_NBSEANCE, PRESTATION_PRIX, PRESTATION_SOIN ) values (94,6,'description',30,true,1,6,240,'sillon inter fessiers')
insert into T_PRESTATION (PRESTATION_IDPRESTATION, PRESTATION_IDACTIVITE_fk, PRESTATION_DESCRIPTION, PRESTATION_DUREESEANCE, PRESTATION_FORFAIT, PRESTATION_IDGENRE_fk, PRESTATION_NBSEANCE, PRESTATION_PRIX, PRESTATION_SOIN ) values (95,6,'description',30,true,1,6,480,'fesses')
insert into T_PRESTATION (PRESTATION_IDPRESTATION, PRESTATION_IDACTIVITE_fk, PRESTATION_DESCRIPTION, PRESTATION_DUREESEANCE, PRESTATION_FORFAIT, PRESTATION_IDGENRE_fk, PRESTATION_NBSEANCE, PRESTATION_PRIX, PRESTATION_SOIN ) values (96,6,'description',30,true,1,6,390,'bas du dos')
insert into T_PRESTATION (PRESTATION_IDPRESTATION, PRESTATION_IDACTIVITE_fk, PRESTATION_DESCRIPTION, PRESTATION_DUREESEANCE, PRESTATION_FORFAIT, PRESTATION_IDGENRE_fk, PRESTATION_NBSEANCE, PRESTATION_PRIX, PRESTATION_SOIN ) values (97,7,'description',30,false,1,1,70,'Wish Pro')
insert into T_PRESTATION (PRESTATION_IDPRESTATION, PRESTATION_IDACTIVITE_fk, PRESTATION_DESCRIPTION, PRESTATION_DUREESEANCE, PRESTATION_FORFAIT, PRESTATION_IDGENRE_fk, PRESTATION_NBSEANCE, PRESTATION_PRIX, PRESTATION_SOIN ) values (98,7,'description',30,true,1,6,350,'Wish Pro')
insert into T_PRESTATION (PRESTATION_IDPRESTATION, PRESTATION_IDACTIVITE_fk, PRESTATION_DESCRIPTION, PRESTATION_DUREESEANCE, PRESTATION_FORFAIT, PRESTATION_IDGENRE_fk, PRESTATION_NBSEANCE, PRESTATION_PRIX, PRESTATION_SOIN ) values (99,6,'description',30,false,2,1,50,'zone intersourcilière')
insert into T_PRESTATION (PRESTATION_IDPRESTATION, PRESTATION_IDACTIVITE_fk, PRESTATION_DESCRIPTION, PRESTATION_DUREESEANCE, PRESTATION_FORFAIT, PRESTATION_IDGENRE_fk, PRESTATION_NBSEANCE, PRESTATION_PRIX, PRESTATION_SOIN ) values (100,6,'description',30,false,2,1,50,'oreilles')
insert into T_PRESTATION (PRESTATION_IDPRESTATION, PRESTATION_IDACTIVITE_fk, PRESTATION_DESCRIPTION, PRESTATION_DUREESEANCE, PRESTATION_FORFAIT, PRESTATION_IDGENRE_fk, PRESTATION_NBSEANCE, PRESTATION_PRIX, PRESTATION_SOIN ) values (101,6,'description',30,false,2,1,50,'nez')
insert into T_PRESTATION (PRESTATION_IDPRESTATION, PRESTATION_IDACTIVITE_fk, PRESTATION_DESCRIPTION, PRESTATION_DUREESEANCE, PRESTATION_FORFAIT, PRESTATION_IDGENRE_fk, PRESTATION_NBSEANCE, PRESTATION_PRIX, PRESTATION_SOIN ) values (102,6,'description',30,false,2,1,70,'nuque')
insert into T_PRESTATION (PRESTATION_IDPRESTATION, PRESTATION_IDACTIVITE_fk, PRESTATION_DESCRIPTION, PRESTATION_DUREESEANCE, PRESTATION_FORFAIT, PRESTATION_IDGENRE_fk, PRESTATION_NBSEANCE, PRESTATION_PRIX, PRESTATION_SOIN ) values (103,6,'description',30,false,2,1,70,'aisseles')
insert into T_PRESTATION (PRESTATION_IDPRESTATION, PRESTATION_IDACTIVITE_fk, PRESTATION_DESCRIPTION, PRESTATION_DUREESEANCE, PRESTATION_FORFAIT, PRESTATION_IDGENRE_fk, PRESTATION_NBSEANCE, PRESTATION_PRIX, PRESTATION_SOIN ) values (104,6,'description',30,false,2,1,120,'avant bras')
insert into T_PRESTATION (PRESTATION_IDPRESTATION, PRESTATION_IDACTIVITE_fk, PRESTATION_DESCRIPTION, PRESTATION_DUREESEANCE, PRESTATION_FORFAIT, PRESTATION_IDGENRE_fk, PRESTATION_NBSEANCE, PRESTATION_PRIX, PRESTATION_SOIN ) values (105,6,'description',30,false,2,1,180,'bras')
insert into T_PRESTATION (PRESTATION_IDPRESTATION, PRESTATION_IDACTIVITE_fk, PRESTATION_DESCRIPTION, PRESTATION_DUREESEANCE, PRESTATION_FORFAIT, PRESTATION_IDGENRE_fk, PRESTATION_NBSEANCE, PRESTATION_PRIX, PRESTATION_SOIN ) values (106,6,'description',30,false,2,1,120,'épaules')
insert into T_PRESTATION (PRESTATION_IDPRESTATION, PRESTATION_IDACTIVITE_fk, PRESTATION_DESCRIPTION, PRESTATION_DUREESEANCE, PRESTATION_FORFAIT, PRESTATION_IDGENRE_fk, PRESTATION_NBSEANCE, PRESTATION_PRIX, PRESTATION_SOIN ) values (107,6,'description',30,false,2,1,50,'tétons')
insert into T_PRESTATION (PRESTATION_IDPRESTATION, PRESTATION_IDACTIVITE_fk, PRESTATION_DESCRIPTION, PRESTATION_DUREESEANCE, PRESTATION_FORFAIT, PRESTATION_IDGENRE_fk, PRESTATION_NBSEANCE, PRESTATION_PRIX, PRESTATION_SOIN ) values (108,6,'description',30,false,2,1,120,'torse')
insert into T_PRESTATION (PRESTATION_IDPRESTATION, PRESTATION_IDACTIVITE_fk, PRESTATION_DESCRIPTION, PRESTATION_DUREESEANCE, PRESTATION_FORFAIT, PRESTATION_IDGENRE_fk, PRESTATION_NBSEANCE, PRESTATION_PRIX, PRESTATION_SOIN ) values (109,6,'description',30,false,2,1,100,'abdomen')
insert into T_PRESTATION (PRESTATION_IDPRESTATION, PRESTATION_IDACTIVITE_fk, PRESTATION_DESCRIPTION, PRESTATION_DUREESEANCE, PRESTATION_FORFAIT, PRESTATION_IDGENRE_fk, PRESTATION_NBSEANCE, PRESTATION_PRIX, PRESTATION_SOIN ) values (110,6,'description',30,false,2,1,100,'bas du dos')
insert into T_PRESTATION (PRESTATION_IDPRESTATION, PRESTATION_IDACTIVITE_fk, PRESTATION_DESCRIPTION, PRESTATION_DUREESEANCE, PRESTATION_FORFAIT, PRESTATION_IDGENRE_fk, PRESTATION_NBSEANCE, PRESTATION_PRIX, PRESTATION_SOIN ) values (111,6,'description',30,false,2,1,170,'dos partiel')
insert into T_PRESTATION (PRESTATION_IDPRESTATION, PRESTATION_IDACTIVITE_fk, PRESTATION_DESCRIPTION, PRESTATION_DUREESEANCE, PRESTATION_FORFAIT, PRESTATION_IDGENRE_fk, PRESTATION_NBSEANCE, PRESTATION_PRIX, PRESTATION_SOIN ) values (112,6,'description',30,false,2,1,250,'dos complet')
insert into T_PRESTATION (PRESTATION_IDPRESTATION, PRESTATION_IDACTIVITE_fk, PRESTATION_DESCRIPTION, PRESTATION_DUREESEANCE, PRESTATION_FORFAIT, PRESTATION_IDGENRE_fk, PRESTATION_NBSEANCE, PRESTATION_PRIX, PRESTATION_SOIN ) values (113,6,'description',30,false,2,1,200,'jambe demi')
insert into T_PRESTATION (PRESTATION_IDPRESTATION, PRESTATION_IDACTIVITE_fk, PRESTATION_DESCRIPTION, PRESTATION_DUREESEANCE, PRESTATION_FORFAIT, PRESTATION_IDGENRE_fk, PRESTATION_NBSEANCE, PRESTATION_PRIX, PRESTATION_SOIN ) values (114,6,'description',30,false,2,1,250,'cuisses')
insert into T_PRESTATION (PRESTATION_IDPRESTATION, PRESTATION_IDACTIVITE_fk, PRESTATION_DESCRIPTION, PRESTATION_DUREESEANCE, PRESTATION_FORFAIT, PRESTATION_IDGENRE_fk, PRESTATION_NBSEANCE, PRESTATION_PRIX, PRESTATION_SOIN ) values (115,6,'description',30,false,2,1,350,'jambes complètes')
insert into T_PRESTATION (PRESTATION_IDPRESTATION, PRESTATION_IDACTIVITE_fk, PRESTATION_DESCRIPTION, PRESTATION_DUREESEANCE, PRESTATION_FORFAIT, PRESTATION_IDGENRE_fk, PRESTATION_NBSEANCE, PRESTATION_PRIX, PRESTATION_SOIN ) values (116,6,'description',30,false,2,1,240,'zone intersourcilière')
insert into T_PRESTATION (PRESTATION_IDPRESTATION, PRESTATION_IDACTIVITE_fk, PRESTATION_DESCRIPTION, PRESTATION_DUREESEANCE, PRESTATION_FORFAIT, PRESTATION_IDGENRE_fk, PRESTATION_NBSEANCE, PRESTATION_PRIX, PRESTATION_SOIN ) values (117,6,'description',30,true,2,6,240,'oreilles')
insert into T_PRESTATION (PRESTATION_IDPRESTATION, PRESTATION_IDACTIVITE_fk, PRESTATION_DESCRIPTION, PRESTATION_DUREESEANCE, PRESTATION_FORFAIT, PRESTATION_IDGENRE_fk, PRESTATION_NBSEANCE, PRESTATION_PRIX, PRESTATION_SOIN ) values (118,6,'description',30,true,2,6,240,'nez')
insert into T_PRESTATION (PRESTATION_IDPRESTATION, PRESTATION_IDACTIVITE_fk, PRESTATION_DESCRIPTION, PRESTATION_DUREESEANCE, PRESTATION_FORFAIT, PRESTATION_IDGENRE_fk, PRESTATION_NBSEANCE, PRESTATION_PRIX, PRESTATION_SOIN ) values (119,6,'description',30,true,2,6,330,'nuque')
insert into T_PRESTATION (PRESTATION_IDPRESTATION, PRESTATION_IDACTIVITE_fk, PRESTATION_DESCRIPTION, PRESTATION_DUREESEANCE, PRESTATION_FORFAIT, PRESTATION_IDGENRE_fk, PRESTATION_NBSEANCE, PRESTATION_PRIX, PRESTATION_SOIN ) values (120,6,'description',30,true,2,6,330,'aisseles')
insert into T_PRESTATION (PRESTATION_IDPRESTATION, PRESTATION_IDACTIVITE_fk, PRESTATION_DESCRIPTION, PRESTATION_DUREESEANCE, PRESTATION_FORFAIT, PRESTATION_IDGENRE_fk, PRESTATION_NBSEANCE, PRESTATION_PRIX, PRESTATION_SOIN ) values (121,6,'description',30,true,2,6,570,'avant bras')
insert into T_PRESTATION (PRESTATION_IDPRESTATION, PRESTATION_IDACTIVITE_fk, PRESTATION_DESCRIPTION, PRESTATION_DUREESEANCE, PRESTATION_FORFAIT, PRESTATION_IDGENRE_fk, PRESTATION_NBSEANCE, PRESTATION_PRIX, PRESTATION_SOIN ) values (122,6,'description',30,true,2,6,870,'bras')
insert into T_PRESTATION (PRESTATION_IDPRESTATION, PRESTATION_IDACTIVITE_fk, PRESTATION_DESCRIPTION, PRESTATION_DUREESEANCE, PRESTATION_FORFAIT, PRESTATION_IDGENRE_fk, PRESTATION_NBSEANCE, PRESTATION_PRIX, PRESTATION_SOIN ) values (123,6,'description',30,true,2,6,570,'épaules')
insert into T_PRESTATION (PRESTATION_IDPRESTATION, PRESTATION_IDACTIVITE_fk, PRESTATION_DESCRIPTION, PRESTATION_DUREESEANCE, PRESTATION_FORFAIT, PRESTATION_IDGENRE_fk, PRESTATION_NBSEANCE, PRESTATION_PRIX, PRESTATION_SOIN ) values (124,6,'description',30,true,2,6,240,'tétons')
insert into T_PRESTATION (PRESTATION_IDPRESTATION, PRESTATION_IDACTIVITE_fk, PRESTATION_DESCRIPTION, PRESTATION_DUREESEANCE, PRESTATION_FORFAIT, PRESTATION_IDGENRE_fk, PRESTATION_NBSEANCE, PRESTATION_PRIX, PRESTATION_SOIN ) values (125,6,'description',30,true,2,6,570,'torse')
insert into T_PRESTATION (PRESTATION_IDPRESTATION, PRESTATION_IDACTIVITE_fk, PRESTATION_DESCRIPTION, PRESTATION_DUREESEANCE, PRESTATION_FORFAIT, PRESTATION_IDGENRE_fk, PRESTATION_NBSEANCE, PRESTATION_PRIX, PRESTATION_SOIN ) values (126,6,'description',30,true,2,6,480,'abdomen')
insert into T_PRESTATION (PRESTATION_IDPRESTATION, PRESTATION_IDACTIVITE_fk, PRESTATION_DESCRIPTION, PRESTATION_DUREESEANCE, PRESTATION_FORFAIT, PRESTATION_IDGENRE_fk, PRESTATION_NBSEANCE, PRESTATION_PRIX, PRESTATION_SOIN ) values (127,6,'description',30,true,2,6,480,'bas du dos')
insert into T_PRESTATION (PRESTATION_IDPRESTATION, PRESTATION_IDACTIVITE_fk, PRESTATION_DESCRIPTION, PRESTATION_DUREESEANCE, PRESTATION_FORFAIT, PRESTATION_IDGENRE_fk, PRESTATION_NBSEANCE, PRESTATION_PRIX, PRESTATION_SOIN ) values (128,6,'description',30,true,2,6,810,'dos partiel')
insert into T_PRESTATION (PRESTATION_IDPRESTATION, PRESTATION_IDACTIVITE_fk, PRESTATION_DESCRIPTION, PRESTATION_DUREESEANCE, PRESTATION_FORFAIT, PRESTATION_IDGENRE_fk, PRESTATION_NBSEANCE, PRESTATION_PRIX, PRESTATION_SOIN ) values (129,6,'description',30,true,2,6,1200,'dos complet')
insert into T_PRESTATION (PRESTATION_IDPRESTATION, PRESTATION_IDACTIVITE_fk, PRESTATION_DESCRIPTION, PRESTATION_DUREESEANCE, PRESTATION_FORFAIT, PRESTATION_IDGENRE_fk, PRESTATION_NBSEANCE, PRESTATION_PRIX, PRESTATION_SOIN ) values (130,6,'description',30,true,2,6,960,'jambe demi')
insert into T_PRESTATION (PRESTATION_IDPRESTATION, PRESTATION_IDACTIVITE_fk, PRESTATION_DESCRIPTION, PRESTATION_DUREESEANCE, PRESTATION_FORFAIT, PRESTATION_IDGENRE_fk, PRESTATION_NBSEANCE, PRESTATION_PRIX, PRESTATION_SOIN ) values (131,6,'description',30,true,2,6,1200,'cuisses')
insert into T_PRESTATION (PRESTATION_IDPRESTATION, PRESTATION_IDACTIVITE_fk, PRESTATION_DESCRIPTION, PRESTATION_DUREESEANCE, PRESTATION_FORFAIT, PRESTATION_IDGENRE_fk, PRESTATION_NBSEANCE, PRESTATION_PRIX, PRESTATION_SOIN ) values (132,6,'description',30,true,2,6,1980,'jambes complètes')
insert into T_PRESTATION (PRESTATION_IDPRESTATION, PRESTATION_IDACTIVITE_fk, PRESTATION_DESCRIPTION, PRESTATION_DUREESEANCE, PRESTATION_FORFAIT, PRESTATION_IDGENRE_fk, PRESTATION_NBSEANCE, PRESTATION_PRIX, PRESTATION_SOIN ) values (133,8,'description',30,false,1,1,60,'naturelle')
insert into T_PRESTATION (PRESTATION_IDPRESTATION, PRESTATION_IDACTIVITE_fk, PRESTATION_DESCRIPTION, PRESTATION_DUREESEANCE, PRESTATION_FORFAIT, PRESTATION_IDGENRE_fk, PRESTATION_NBSEANCE, PRESTATION_PRIX, PRESTATION_SOIN ) values (134,8,'description',30,false,1,1,90,'sophistiquée')

insert into T_RDV ( RDV_IDRDV, RDV_DATEDESAISIE, RDV_DHDEBUT, RDV_DHFIN, RDV_IDLIEURDV_fk, RDV_IDPRATICIEN_fk, RDV_IDPRESTATION_fk, RDV_IDCLIENT_fk, RDV_SAISIPAR_IDUTILISATEUR_fk, RDV_ISCANCELLED) values (1,'09/11/2018 12:00:00', '15/11/2018 17:00:00', '15/11/2018 18:00:00', 3, 1, 1, 1, 3, false)
insert into T_RDV ( RDV_IDRDV, RDV_DATEDESAISIE, RDV_DHDEBUT, RDV_DHFIN, RDV_IDLIEURDV_fk, RDV_IDPRATICIEN_fk, RDV_IDPRESTATION_fk, RDV_IDCLIENT_fk, RDV_SAISIPAR_IDUTILISATEUR_fk, RDV_ISCANCELLED) values (2,'09/11/2018 14:00:00', '15/11/2018 18:00:00', '15/11/2018 19:00:00', 3, 1, 3, 1, 3, false)
insert into T_RDV ( RDV_IDRDV, RDV_DATEDESAISIE, RDV_DHDEBUT, RDV_DHFIN, RDV_IDLIEURDV_fk, RDV_IDPRATICIEN_fk, RDV_IDPRESTATION_fk, RDV_IDCLIENT_fk, RDV_SAISIPAR_IDUTILISATEUR_fk, RDV_ISCANCELLED) values (3,'09/11/2018 15:00:00', '15/11/2018 19:00:00', '15/11/2018 20:00:00', 3, 1, 3, 1, 3, false)
insert into T_RDV ( RDV_IDRDV, RDV_DATEDESAISIE, RDV_DHDEBUT, RDV_DHFIN, RDV_IDLIEURDV_fk, RDV_IDPRATICIEN_fk, RDV_IDPRESTATION_fk, RDV_IDCLIENT_fk, RDV_SAISIPAR_IDUTILISATEUR_fk, RDV_ISCANCELLED) values (4,'09/11/2018 15:00:00', '15/11/2018 20:00:00', '15/11/2018 21:00:00', 3, 1, 3, 1, 3, false)
insert into T_RDV ( RDV_IDRDV, RDV_DATEDESAISIE, RDV_DHDEBUT, RDV_DHFIN, RDV_IDLIEURDV_fk, RDV_IDPRATICIEN_fk, RDV_IDPRESTATION_fk, RDV_IDCLIENT_fk, RDV_SAISIPAR_IDUTILISATEUR_fk, RDV_ISCANCELLED) values (5,'09/11/2018 10:00:00', '15/11/2018 9:00:00', '15/11/2018 12:15:00', 1, 1, 3, 1, 3, false)
insert into T_RDV ( RDV_IDRDV, RDV_DATEDESAISIE, RDV_DHDEBUT, RDV_DHFIN, RDV_IDLIEURDV_fk, RDV_IDPRATICIEN_fk, RDV_IDPRESTATION_fk, RDV_IDCLIENT_fk, RDV_SAISIPAR_IDUTILISATEUR_fk, RDV_ISCANCELLED) values (6,'09/11/2018 12:00:00', '15/11/2018 13:00:00', '15/11/2018 14:00:00', 2, 1, 1, 1, 3, false)
insert into T_RDV ( RDV_IDRDV, RDV_DATEDESAISIE, RDV_DHDEBUT, RDV_DHFIN, RDV_IDLIEURDV_fk, RDV_IDPRATICIEN_fk, RDV_IDPRESTATION_fk, RDV_IDCLIENT_fk, RDV_SAISIPAR_IDUTILISATEUR_fk, RDV_ISCANCELLED) values (7,'09/11/2018 14:00:00', '15/11/2018 15:00:00', '15/11/2018 16:00:00', 1, 1, 3, 1, 3, false)
insert into T_RDV ( RDV_IDRDV, RDV_DATEDESAISIE, RDV_DHDEBUT, RDV_DHFIN, RDV_IDLIEURDV_fk, RDV_IDPRATICIEN_fk, RDV_IDPRESTATION_fk, RDV_IDCLIENT_fk, RDV_SAISIPAR_IDUTILISATEUR_fk, RDV_ISCANCELLED) values (8,'09/11/2018 15:00:00', '15/11/2018 16:00:00', '15/11/2018 17:00:00', 3, 1, 3, 1, 3, false)
insert into T_RDV ( RDV_IDRDV, RDV_DATEDESAISIE, RDV_DHDEBUT, RDV_DHFIN, RDV_IDLIEURDV_fk, RDV_IDPRATICIEN_fk, RDV_IDPRESTATION_fk, RDV_IDCLIENT_fk, RDV_SAISIPAR_IDUTILISATEUR_fk, RDV_ISCANCELLED) values (9,'09/11/2018 12:00:00', '15/11/2018 21:00:00', '15/11/2018 22:00:00', 2, 1, 1, 1, 3, true)
insert into T_RDV ( RDV_IDRDV, RDV_DATEDESAISIE, RDV_DHDEBUT, RDV_DHFIN, RDV_IDLIEURDV_fk, RDV_IDPRATICIEN_fk, RDV_IDPRESTATION_fk, RDV_IDCLIENT_fk, RDV_SAISIPAR_IDUTILISATEUR_fk, RDV_ISCANCELLED) values (10,'09/11/2018 14:00:00', '15/11/2018 22:00:00', '15/11/2018 23:00:00', 1, 1, 3, 1, 3, false)
insert into T_RDV ( RDV_IDRDV, RDV_DATEDESAISIE, RDV_DHDEBUT, RDV_DHFIN, RDV_IDLIEURDV_fk, RDV_IDPRATICIEN_fk, RDV_IDPRESTATION_fk, RDV_IDCLIENT_fk, RDV_SAISIPAR_IDUTILISATEUR_fk, RDV_ISCANCELLED) values (11,'09/11/2018 15:00:00', '15/11/2018 23:00:00', '15/11/2018 23:59:00', 3, 1, 3, 1, 3, false)
insert into T_RDV ( RDV_IDRDV, RDV_DATEDESAISIE, RDV_DHDEBUT, RDV_DHFIN, RDV_IDLIEURDV_fk, RDV_IDPRATICIEN_fk, RDV_IDPRESTATION_fk, RDV_IDCLIENT_fk, RDV_SAISIPAR_IDUTILISATEUR_fk, RDV_ISCANCELLED) values (12,'09/11/2018 12:00:00', '16/11/2018 17:00:00', '16/11/2018 18:00:00', 3, 1, 1, 1, 3, false)
insert into T_RDV ( RDV_IDRDV, RDV_DATEDESAISIE, RDV_DHDEBUT, RDV_DHFIN, RDV_IDLIEURDV_fk, RDV_IDPRATICIEN_fk, RDV_IDPRESTATION_fk, RDV_IDCLIENT_fk, RDV_SAISIPAR_IDUTILISATEUR_fk, RDV_ISCANCELLED) values (13,'09/11/2018 14:00:00', '16/11/2018 18:00:00', '16/11/2018 19:00:00', 3, 1, 3, 1, 3, true)
insert into T_RDV ( RDV_IDRDV, RDV_DATEDESAISIE, RDV_DHDEBUT, RDV_DHFIN, RDV_IDLIEURDV_fk, RDV_IDPRATICIEN_fk, RDV_IDPRESTATION_fk, RDV_IDCLIENT_fk, RDV_SAISIPAR_IDUTILISATEUR_fk, RDV_ISCANCELLED) values (14,'09/11/2018 15:00:00', '16/11/2018 19:00:00', '16/11/2018 20:00:00', 3, 1, 3, 1, 3, false)
insert into T_RDV ( RDV_IDRDV, RDV_DATEDESAISIE, RDV_DHDEBUT, RDV_DHFIN, RDV_IDLIEURDV_fk, RDV_IDPRATICIEN_fk, RDV_IDPRESTATION_fk, RDV_IDCLIENT_fk, RDV_SAISIPAR_IDUTILISATEUR_fk, RDV_ISCANCELLED) values (15,'09/11/2018 15:00:00', '16/11/2018 20:00:00', '16/11/2018 21:00:00', 3, 1, 3, 1, 3, false)
